"window_size","diff"
681,0.226263132840458
1021,0.452526265680917
1361,0.905052531361833
