"window_size","diff"
681,0.203613649958849
1021,0.407227299917698
1361,0.814454599835396
