"window_size","diff"
320,0.0163701156017415
480,0.032740231203483
640,0.065480462406966
