"window_size","diff"
364,0.202875387977701
545,0.405750775955402
727,0.811501551910804
