"window_size","diff"
521,0.201339798377283
781,0.402679596754566
1041,0.805359193509132
