"window_size","diff"
160,0.0147789046893337
240,0.0295578093786675
320,0.0591156187573349
