"window_size","diff"
681,0.121134957069849
1022,0.242269914139699
1362,0.484539828279398
