"window_size","diff"
161,0.0197269083588686
241,0.0394538167177371
321,0.0789076334354742
