"window_size","diff"
681,0.124303902045484
1022,0.248607804090967
1362,0.497215608181934
