"window_size","diff"
321,0.0152577656997593
481,0.0305155313995187
641,0.0610310627990373
