"window_size","diff"
521,0.138910590402631
782,0.277821180805262
1042,0.555642361610524
