"window_size","diff"
368,0.131296642490635
552,0.262593284981271
736,0.525186569962541
